"brands","1","삼성 (Samsung)","111668955554282","2666698","-2232"
"brands","2","하이마트(Hi-mart)","496657243716553","2191371","+2392"
"brands","3","G마켓","176568119021613","1534342","-968"
"brands","4","티몬 TMON","194806033875286","1336897","+635"
"brands","5","SK텔레콤","141962659170409","1236379","-326"
"brands","6","롯데리아 (LOTTERIA)","431665770216673","1079485","+1582"
"brands","7","Beauty No.1","102272326495825","1067396","+111"
"brands","8","롯데 (LOTTE)","281196138649965","1020100","+17232"
"brands","9","McDonald's","10150097174480584","989559","+3680"
"brands","10","신한카드","113968985369946","919270","+5940"
"brands","11","CJ ONE","161344933920283","881549","-1354"
"brands","12","엔제리너스커피(Angelinus Coffee)","282560198486122","777862","+381"
"brands","13","KFC","7144906559","770299","-957"
"brands","14","KFC","207168969380470","770248","-736"
"brands","15","Starbucks Korea","122271421173562","754276","+795"
"brands","16","삼성전자 뉴스룸","314882591487","729652","-1079"
"brands","17","도미노피자(Dominostory)","113411472062884","714789","+3823"
"brands","18","Samsung Mobile Korea (삼성전자 모바일)","144295415698036","691957","-1227"
"brands","19","SK플래닛 스튜디오","198222053563803","677894","+1638"
"brands","20","ETUDE 에뛰드","210960618957553","667901","+1746"
"brands","21","11번가 (11STREET)","121866131216888","661283","+6344"
"brands","22","올레 (olleh)","102926723088020","647309","+2571"
"brands","23","한화데이즈(Hanwha)","204071546359884","616773","+8210"
"brands","24","크리스피 크림 도넛 (Krispykremekorea)","190935550953478","580624","+3512"
"brands","25","삼성화재","188245544527182","578889","+1608"
"brands","26","LG Uplus","130609873649000","560867","-1281"
"brands","27","더페이스샵 (THEFACESHOP)","416098605075505","547834","+262"
"brands","28","콬TV","227849523977652","536769","+54736"
"brands","29","스킨푸드","178230372316432","527854","-45"
"brands","30","넥슨 (NEXON KOREA)","131041580292444","519868","+311"
"brands","31","삼성카드(Samsungcard)","152857838107621","513213","+3645"
"brands","32","왓챠플레이","315033951845369","501775","-3978"
"brands","33","위메프","167987083242450","499854","-920"
"brands","34","신세계백화점","214824885202505","484447","+1053"
"brands","35","Natuur POP","261960300603503","482290","+224"
"brands","36","이마트","182368861838705","444405","+1972"
"brands","37","Uniqlo Korea, - 유니클로","176419105710759","437263","+33"
"brands","38","버거킹","269835863087249","431980","+367"
"brands","39","Innisfree (이니스프리)","289955041017153","422957","+357"
"brands","40","AprilSkin 에이프릴스킨","657120014400763","417163","+1532"
"brands","41","뉴발란스 라이프스타일 - New Balance Lifestyle Korea","112886518755127","403538","-538"
"brands","42","Samsung IT Korea (삼성전자 IT)","130282737031996","402154","-111"
"brands","43","홈플러스(Homeplus)","154934744601693","401486","-260"
"brands","44","Asiana Airlines","143887898965409","393477","+78"
"brands","45","Jeju air","237249132994502","381376","+3343"
"brands","46","옥션 (Auction)","177506035621661","380874","+8805"
"brands","47","올리브영","215712131799664","376673","-278"
"brands","48","Audi Korea - 아우디코리아","100312556835964","371344","-535"
"brands","49","신한은행","181888958532168","369987","+1104"
"brands","50","뭐 입고 나가지?","692730187404788","369572","-784"
"brands","51","LG","319438251423068","369176","+2139"
"brands","52","삼성 모바일 스토어(Samsung MobileStore)","184256088308875","360726","+183"
"brands","53","Baskin-Robbins","527725837256414","355820","+1401"
"brands","54","Baskin-Robbins","192454277471681","355775","+1470"
"brands","55","롯데닷컴","310526012318961","354924","+2449"
"brands","56","Pizza Hut","321935321302049","354749","-355"
"brands","57","Pizza Hut","194442110580282","354549","-247"
"brands","58","비욘드 (BEYOND)","200914920018960","354277","-690"
"brands","59","Mercedes-Benz Korea","301304903282392","353835","-365"
"brands","60","비씨카드 (BC카드, BC Card)","105515129533619","350528","-502"
"brands","61","YES24","112933415429029","344282","+921"
"brands","62","BMW Korea","143536368998263","344072","-10"
"brands","63","MISSHA 미샤","143047262429079","341189","+127"
"brands","64","롯데백화점 (LOTTE Department Store)","137577959636512","338423","+287"
"brands","65","T.G.I.FRiDAY'S","299326310145091","332634","-439"
"brands","66","넷마블","164648390251118","327549","-156"
"brands","67","롯데카드 (LOTTECARD)","396611003721042","316600","-489"
"brands","68","토니모리 - Tonymoly","210687325670340","312997","+90"
"brands","69","처음처럼","235455509875478","305770","-146"
"brands","70","Caffebene","158190387574859","305354","-623"
"brands","71","Samsung CE Korea (삼성전자 가전)","311785955591634","301440","+263"
"brands","72","포스코(POSCO)","378237442241717","300542","+454"
"brands","73","Coca-Cola","663709713760411","293413","-222"
"brands","74","롯데마트 (LOTTE Mart)","258671817569301","290633","-312"
"brands","75","인터파크투어(Interparktour)","184847684913695","288765","+478"
"brands","76","W컨셉","189176731145096","288359","+1576"
"brands","77","Jaguar","10159835879","287375","+647"
"brands","78","재규어","273065739462423","287304","+701"
"brands","79","M&M's Korea","478365325567295","284064","+2301"
"brands","80","지니","527276640647860","278812","+5938"
"brands","81","롯데제과 (Lotte Conf)","129366797179457","277441","-518"
"brands","82","하이트진로","112906565465399","277184","-40"
"brands","83","Volkswagen","126633520699374","275701","-452"
"brands","84","Volkswagen","105013206254077","275593","-367"
"brands","85","GS25","117263144998329","275150","+8366"
"brands","86","아리따움 (ARITAUM)","154606617929270","275008","-39"
"brands","87","잡코리아","166402546738905","269124","+3034"
"brands","88","Land Rover","10369058551","266967","+541"
"brands","89","Land Rover","196166597189316","266920","+625"
"brands","90","Jeep Korea","134129353325179","264429","-313"
"brands","91","29CM","253442794702245","264233","+297"
"brands","92","취업대학교","410483242361856","260749","+1390"
"brands","93","현대자동차그룹 : Hyundai","322922251052591","260371","+892"
"brands","94","1boon","495060454002836","259547","-279"
"brands","95","네이처리퍼블릭","315073051881482","255582","-181"
"brands","96","KB국민카드","159802124093460","254078","+9111"
"brands","97","북팔 스토리","203884526302216","252348","-528"
"brands","98","파리바게뜨","765350573491740","251938","-476"
"brands","99","KIA Motors Corp","188236564542293","248829","+38"
"brands","100","Pringles","39910168890","248828","-564"
"celebrities","1","Cuckoo Crew","508854299173392","1895234","-2820"
"celebrities","2","Yuna Kim","53417067377","1658630","-3281"
"celebrities","3","아이유(iu)","215082308577534","898445","-2151"
"celebrities","4","San E","531123733624390","804019","-1897"
"celebrities","5","BIGBANG","105230856200588","703215","-1784"
"celebrities","6","Lee Minho (이민호)","113234875368553","684414","-1396"
"celebrities","7","소녀시대(Girls' Generation)","216732611680045","651332","-1481"
"celebrities","8","Han Ji Min","321527634535497","651065","-684"
"celebrities","9","반도의흔한애견샵알바생","650291585064971","636601","+526"
"celebrities","10","Apink","567045406742962","620790","-1417"
"celebrities","11","G-DRAGON","343505542396120","585212","-1533"
"celebrities","12","Cristiano Ronaldo","81221197163","570896","-545"
"celebrities","13","Kim Ha Neul","113043258723610","538154","-522"
"celebrities","14","Maroon 5","5330548481","532182","-1438"
"celebrities","15","유준호 페이지","1449945138596268","506202","-955"
"celebrities","16","어반자카파 (Urban Zakapa)","199817746727863","487977","-320"
"celebrities","17","BTS","561348433880423","473904","-1053"
"celebrities","18","2NE1","120434301339106","453195","-1452"
"celebrities","19","EXO-K","172930792799440","424065","-1658"
"celebrities","20","Heung Min Son","130537457041963","416055","+4467"
"celebrities","21","Block B","190951800954033","409621","-1358"
"celebrities","22","Yoon Jong Shin","185929571452812","400549","+494"
"celebrities","23","Sistar (씨스타)","347323878621567","385753","-1185"
"celebrities","24","성유리 (Yuri Sung)","155662564445274","368445","-436"
"celebrities","25","AOA","240982569337394","367366","-1225"
"celebrities","26","Taylor Swift","19614945368","356493","-1211"
"celebrities","27","샤이니(SHINee)","131034166973249","346554","-1149"
"celebrities","28","Son Ye Jin 손예진","135147049830808","344638","-657"
"celebrities","29","Akdong Musician","548515738527331","326695","-853"
"celebrities","30","EXO-M","309554565739502","324770","-1311"
"celebrities","31","마마무 Mamamoo","618832381517402","319570","-409"
"celebrities","32","Girls Day","136982706318650","316845","-751"
"celebrities","33","WINNER","155578967959533","314799","-1194"
"celebrities","34","TAEYANG","151773951499667","312762","-1120"
"celebrities","35","에프엑스 f(x)","202512039769390","309789","-1203"
"celebrities","36","Bruno Mars","242567287243","308710","-858"
"celebrities","37","SIMON Dominic","205515246322426","306804","-537"
"celebrities","38","슈퍼주니어(Super Junior)","186241571424901","297637","-991"
"celebrities","39","박재범 Jay Park (AOM)","141994652509810","285990","-573"
"celebrities","40","EXO","212761028784077","284501","-1066"
"celebrities","41","EPIK HIGH","348141521926609","284003","-926"
"celebrities","42","CLARA","449997995096836","277484","-946"
"celebrities","43","Emma Watson","140216402663925","276097","-746"
"celebrities","44","로꼬 - Loco","446210592146112","274476","-470"
"celebrities","45","PSY","165106760172502","270261","-761"
"celebrities","46","이광수","626862337378828","269745","-867"
"celebrities","47","보아(BoA)","223433011002771","268843","-662"
"celebrities","48","김수현","310940845631476","263810","-787"
"celebrities","49","Jason Mraz","6135205697","263046","-643"
"celebrities","50","K.Will (케이윌)","286417464757683","261549","-753"
"celebrities","51","verbal jint","193781760697977","251665","-661"
"celebrities","52","Eddy Kim","204806506366052","240870","-723"
"celebrities","53","DJ SODA","1118241991550593","234487","-226"
"celebrities","54","LEE HI (이하이)","346948528734698","223875","-735"
"celebrities","55","GOT7","114534342009826","220450","-990"
"celebrities","56","miss A","183663821672656","213130","-756"
"celebrities","57","Tablo","297519016925983","211253","-736"
"celebrities","58","GRAY","254673977885092","209481","-266"
"celebrities","59","문스윙스의 갤러리","775316972572601","203164","+4045"
"celebrities","60","CNBLUE","116994331711734","196386","-843"
"celebrities","61","Gareth Bale","511845538832537","195032","-211"
"celebrities","62","Avril Lavigne","5413509299","192754","-468"
"celebrities","63","십센치 / 10cm","117779328259017","178451","-345"
"celebrities","64","B.A.P","204384629647041","171310","-795"
"celebrities","65","류준열","1877841179106847","170071","-392"
"celebrities","66","Kim Woo Bin (김우빈)","287815847954232","169354","-475"
"celebrities","67","Ku Hye Sun (구혜선)","236820393036427","167706","-465"
"celebrities","68","Eh Bee","498505146890911","164448","-259"
"celebrities","69","레드벨벳 (Red Velvet)","596836777101165","163847","+506"
"celebrities","70","Robert Downey Jr","154213784747095","163312","-518"
"celebrities","71","BTOB: Born TO Beat","263247927089384","162902","-583"
"celebrities","72","INFINITE","107550222671481","158872","-368"
"celebrities","73","Seungri","369439379845434","157408","-682"
"celebrities","74","Zlatan Ibrahimovic","198744036811672","154649","-53"
"celebrities","75","VIXX","146692265461839","153269","-464"
"celebrities","76","2pm","59189483195","150020","-612"
"celebrities","77","BEAST","794100797307873","148576","-576"
"celebrities","78","혁오 hyukoh","1402728276662851","148318","-352"
"celebrities","79","KANG SEUNG YOON","147973105396864","146171","-504"
"celebrities","80","Boyfriend (보이프렌드)","198845903493304","143309","-661"
"celebrities","81","Coldplay","15253175252","142937","-454"
"celebrities","82","TWICE","1577673735847735","141959","+287"
"celebrities","83","T-ARA","214485922082617","140983","-585"
"celebrities","84","TaeYeon 태연","216990461662221","140582","-342"
"celebrities","85","DEAN","364351610354202","137337","+351"
"celebrities","86","LADIES CODE","114248495419197","136643","-431"
"celebrities","87","LMFAO","19855571496","135189","-543"
"celebrities","88","JYJ","191819204246785","132553","-543"
"celebrities","89","Roy Kim 로이킴","168338329847640","131471","-369"
"celebrities","90","9MUSES","144669182383512","128524","-368"
"celebrities","91","Eric Nam 에릭남","215784725162739","127802","-568"
"celebrities","92","Apink","164327626951514","125344","-415"
"celebrities","93","Secret (시크릿)","181948985202836","124509","-463"
"celebrities","94","동방신기(TVXQ!)","174823809239218","123841","-543"
"celebrities","95","One Direction","121930497861753","123200","-432"
"celebrities","96","SEVENTEEN","171284196367722","122615","-494"
"celebrities","97","iKON","362482323915925","115982","-455"
"celebrities","98","김슬기","180271448777639","114954","-239"
"celebrities","99","Muse","8762738724","112917","-362"
"celebrities","100","유키스(U-KISS)","261965313856866","111358","-540"
"community","1","오늘 뭐 먹지?","207176522787720","3197587","+1889"
"community","2","일반인들의 소름돋는 라이브","174321039433041","2707127","+8703"
"community","3","World's Funniest Videos","414034908665004","1797925","-2088"
"community","4","내맘대로 정하는 순위","343143159202505","1623625","-1313"
"community","5","Dingo","762260143882912","1426256","+6065"
"community","6","Dingo","461708933947351","1426184","+6313"
"community","7","쿠키런 for Kakao","373126689455857","1342836","-2464"
"community","8","Pikicast","529491587137957","1330855","+5517"
"community","9","세상에서 가장 소름돋는 라이브","425218230883177","1255882","+10622"
"community","10","vonvon","364422757097773","1247069","+21595"
"community","11","vonvon.me","301348366728265","1246896","+21848"
"community","12","서울여행","679102245497163","1196169","-41"
"community","13","여자들의 동영상","223407304469712","1145238","+947"
"community","14","Dingo Food","445867672182881","1136121","+3266"
"community","15","얼짱","127709477248898","979835","-839"
"community","16","KPOP on Facebook","308514012562249","895073","-1140"
"community","17","남자들의 동영상","125399357639766","870227","+2581"
"community","18","순위 정하는 녀석들","976531162390440","824303","-1012"
"community","19","Dingo Movie","769065196468992","778199","+1609"
"community","20","Movie Factory","171144389693855","704152","+858"
"community","21","진실 혹은 거짓 명예의전당","1568003330083354","697889","+601"
"community","22","사랑할 때 알아야 할 것들","178221555539255","683188","-877"
"community","23","Dingo Music","154393321422638","651039","+757"
"community","24","오즐 - 5분의 즐거움","476416902424316","647249","+803"
"community","25","Dingo Travel","504453456281327","626364","+2853"
"community","26","니가 웃으면 나도 좋아","207430332767107","609696","+938"
"community","27","루키스트 명예의전당","241657555965041","608864","-758"
"community","28","해먹남녀","866263456729261","604727","+8565"
"community","29","Dingo Beauty","126129734252217","596462","+2655"
"community","30","루키스트 명예의전당","912050502275137","593689","-1441"
"community","31","Dingo Life","693226954034909","580735","-818"
"community","32","유머저장소","360336867405608","563541","+18314"
"community","33","연애의 모든 것","327293184069664","554703","+1152"
"community","34","식즐 - 식탐의 즐거움","1392730787609800","548677","+74"
"community","35","노래 쫌 아나?","889052684443255","533662","-840"
"community","36","유머 매거진","404933026370341","529581","+424"
"community","37","집꾸미기","246392235511207","528324","+1291"
"community","38","너무 웃겨서 눈물 날 지경입니다","467342726674321","521930","+1595"
"community","39","지금 먹으러 갑니다","1472454183051484","513293","+966"
"community","40","만원으로 할 수 있는 모든 것","262888557239159","512988","-912"
"community","41","디즈컬 - Dizcul","598401246864339","494069","+178"
"community","42","안구정화 몸매들","228478557362908","487642","+3495"
"community","43","도기도기","147088008818887","479894","-257"
"community","44","리뷰왕 김리뷰","634454256650187","464033","-67"
"community","45","웃고가자","483102078467490","461592","+1356"
"community","46","짧고 굵은 동영상","612920588789051","460329","+3188"
"community","47","피아노 치는 남자들","1435963119989251","441647","+1521"
"community","48","열정에 기름붓기","621566734545525","441643","+1917"
"community","49","LovePropose","364957000238426","438216","-229"
"community","50","Good Music","129442657238967","438070","-959"
"community","51","실제사건","1572338953037908","431228","+5772"
"community","52","오버워치","1543335752547611","431217","+2681"
"community","53","Famous Movie Video","117352678358122","429496","+4697"
"community","54","뉴스뱅 - NewsBang","131736520502492","424817","-477"
"community","55","유머 모음","429660757224611","418200","-758"
"community","56","메가박스(MEGABOX)","216047658463111","417565","+763"
"community","57","OP.GG","470756562961560","416131","-623"
"community","58","Boo","80329313253","415879","-501"
"community","59","좋은글봇","245661478875011","415571","-994"
"community","60","긍정의 한줄","622733054456526","403420","-270"
"community","61","힘콩의재미어트","512288848816867","377473","+20"
"community","62","유머모음","881491218610012","369006","+729"
"community","63","아디다스 오리지널스 매니아","277236592451676","363736","-131"
"community","64","롤큐","345697478966888","360221","+521"
"community","65","어서오개","531290036971235","357174","-264"
"community","66","팡캐스트","439197329600700","354006","-584"
"community","67","R.O.K. Hip Hop","110123689019770","352685","+675"
"community","68","벚꽃이 진다고 그대를 잊은적 없다","381247575300397","346302","-799"
"community","69","신발덕후","485689498224389","345208","+385"
"community","70","10년째 연애중","1539463446287324","339521","+1398"
"community","71","여대생의 정석","179654852180162","338828","-852"
"community","72","Best Video","497899983625735","331298","+338"
"community","73","Tasty","1614251518827491","331192","+946"
"community","74","영화천국","679438642121280","331187","+655"
"community","75","함께 웃어요","278964378825040","328846","-576"
"community","76","꿀팁","562414627164522","326250","-151"
"community","77","일진학생들","605197882942234","324534","+682"
"community","78","스펙업(Specup)","122428271169216","316113","+572"
"community","79","여자들이 즐거운 공간","364161943714847","313041","+449"
"community","80","감히 나를 설레이게 하는 누나들","234818163395087","302320","+2278"
"community","81","유럽, 어디까지 가봤니?","1426751830924530","299417","-417"
"community","82","저 옷 사줘","1438287853102309","291105","-600"
"community","83","페북에 없는 레어템","561843077225628","290021","+1035"
"community","84","GiveMeSport","566760030037879","288909","-574"
"community","85","그냥 웃지요","205725192850787","284432","-631"
"community","86","저..자취해요","1463451063919569","284214","-70"
"community","87","Cookat Kitchen","474124492746864","283724","+126"
"community","88","이렇게 이쁜건 처음이야","282559028590606","281596","+2370"
"community","89","아이돌 이슈","989956951030576","281576","+1144"
"community","90","우리는 자게이다","349142318509651","278085","+96"
"community","91","하루에 한줄","622727941089485","273838","-631"
"community","92","학교축제 레전드","269571996565813","271245","+767"
"community","93","먹방페북","473094282702279","270408","-314"
"community","94","GOOD MUSIC, GOOD LIFE","683461545093838","270155","+1492"
"community","95","오늘의집","385539518235921","270040","+2450"
"community","96","하우스","366398873469395","260628","-117"
"community","97","음악시간","646813445385448","258113","+69"
"community","98","책벌레","112150685614618","255928","+1382"
"community","99","Koreaboo","229023931411","251520","-1174"
"community","100","pairs - ペアーズ","462439770453997","245755","-459"
"entertainment","1","SNL KOREA","392785507482668","2166118","+2788"
"entertainment","2","CGV","119682344771692","1948736","+4691"
"entertainment","3","MBC 무한도전","303390979847219","1676888","+9044"
"entertainment","4","코미디빅리그","284629544882862","1529101","-803"
"entertainment","5","서든어택(Sudden Attack)","487273761317664","1146293","-1931"
"entertainment","6","Dingo Freestyle(딩고 프리스타일)","270907096280589","1050973","-289"
"entertainment","7","NextFloor","157677000968300","851184","-665"
"entertainment","8","길 하나 사이 - 썸(some)의 정석","270986689697962","822798","-1742"
"entertainment","9","쇼미더머니/언프리티랩스타 - Mnet","1417848278527471","805820","-765"
"entertainment","10","영국남자 Korean Englishman","680827885279377","727870","-1827"
"entertainment","11","리그 오브 레전드","168886963235330","703464","+827"
"entertainment","12","SMTOWN","200739259968916","688482","-1183"
"entertainment","13","판도라TV (PandoraTV)","159673400728102","651025","+476"
"entertainment","14","슈퍼스타K(Mnet Superstar K)","202088983139212","641860","+29499"
"entertainment","15","넷마블 카카오톡게임","1471642553050525","536760","-664"
"entertainment","16","EA Sports FIFA 온라인 3","104426729711945","521514","+202"
"entertainment","17","비정상회담","319449078204816","519979","-689"
"entertainment","18","응답하라 1988","1476568375988140","502623","-1570"
"entertainment","19","MangoPlate","245046025615886","490191","-729"
"entertainment","20","느낌적인 느낌","699569363417565","478932","-1174"
"entertainment","21","CJ Entertainment","310865092299838","451666","+478"
"entertainment","22","Overwatch","292929874198161","431318","+2625"
"entertainment","23","League of Legends","82061850555","428834","-1009"
"entertainment","24","YG-Family","143884685632131","364561","-1043"
"entertainment","25","액션퍼즐타운 (Action Puzzle Town)","639992169386759","352813","-624"
"entertainment","26","Action Puzzle Town","684998381636746","352808","-693"
"entertainment","27","연애흥신소","527759183914527","350086","+820"
"entertainment","28","CallApp","396288767059178","342498","+2198"
"entertainment","29","JYP","147775825277984","336515","-728"
"entertainment","30","문학동네","229732697042010","317995","+2810"
"entertainment","31","The 15min.that Changes The World","206166426072817","316917","-44"
"entertainment","32","겟잇뷰티(Get it Beauty)","611044342244696","315752","-10"
"entertainment","33","Clean Master","264050273731539","309317","+67"
"entertainment","34","엠카운트다운(Mnet M COUNTDOWN)","166643373350416","306893","-707"
"entertainment","35","열린책들","168429806545998","294339","-22"
"entertainment","36","집밥 백선생","1441539196143731","284986","-14"
"entertainment","37","애니팡","360849237327872","276032","+7"
"entertainment","38","Marvel","381657788513246","266862","+878"
"entertainment","39","쇼박스(SHOWBOX)","255917847818666","251843","+385"
"entertainment","40","롤 OGN(LoL OGN)","231588610319326","249838","-158"
"entertainment","41","히든싱어","104189726425390","218794","-328"
"entertainment","42","Illionaire Records","179354275428811","211809","-61"
"entertainment","43","Clash of Clans","447775968580065","205929","-412"
"entertainment","44","Clash of Clans","520353058081714","205617","-348"
"entertainment","45","Larva TUBA","234824099886169","196770","-444"
"entertainment","46","The ICONtv","594192240668275","188968","-317"
"entertainment","47","20th Century Fox","121150347941070","186478","-177"
"entertainment","48","20th Century Fox","394434683989030","186416","-100"
"entertainment","49","테이스티 로드(Tasty Road)","433756183418033","180035","-408"
"entertainment","50","EA 게임","109274229200915","178812","-269"
"entertainment","51","1theK (원더케이)","365832623463939","174619","+361"
"entertainment","52","Changbi Publishers","161218417227647","167993","+965"
"entertainment","53","Supersolid","388787237801884","165289","+129"
"entertainment","54","Honeyscreen","178595622300105","164816","-349"
"entertainment","55","Record Factory","397422970313589","148288","-161"
"entertainment","56","Universal Pictures International Korea","256577734374725","148182","+501"
"entertainment","57","Universal Music Korea (유니버설뮤직 코리아)","156078637785431","147551","+2995"
"entertainment","58","Sony Pictures","1487249874853741","145048","+2355"
"entertainment","59","Sony Pictures","376679229019287","144983","+2448"
"entertainment","60","롯데엔터테인먼트","319395004801121","142525","-207"
"entertainment","61","TVing","157630184278168","141922","-31"
"entertainment","62","Incruit","81383837030","140295","+298"
"entertainment","63","Sony Music Korea (소니뮤직 코리아)","382570371837191","135372","+1464"
"entertainment","64","런닝맨 RunningMan","441228106051858","129501","-20"
"entertainment","65","Ultra Korea","214199258663330","127718","-309"
"entertainment","66","네이버 모바일(NAVER MOBILE)","184030231730640","124005","-179"
"entertainment","67","UNITED CUBE","252558224762576","121276","-409"
"entertainment","68","StarCraft","178337772456","118934","-215"
"entertainment","69","SNOW","559654604172973","115908","+1291"
"entertainment","70","SNOW","813378698782256","115881","+1305"
"entertainment","71","Warner Bros. Pictures","296025760408983","111666","+72"
"entertainment","72","Warner Bros. Pictures","138228302942302","111613","+144"
"entertainment","73","BAND","446061608747225","109317","-27"
"entertainment","74","Frozen","482368755113431","108828","-532"
"entertainment","75","내 친구의 집은 어디인가","319240161607053","106865","-343"
"entertainment","76","SOTY","363059003796240","105436","-253"
"entertainment","77","Transformers","180774635291325","105296","-292"
"entertainment","78","민음사","466146456807120","104849","+670"
"entertainment","79","Albamon_jk","187194887963470","104713","+1368"
"entertainment","80","Heirs","1613874718838955","104384","-494"
"entertainment","81","Heroes of the Storm","146483702227809","100960","+312"
"entertainment","82","Angry Birds","314467614927","100808","-247"
"entertainment","83","CJ MUSICAL","105324596261283","96674","-164"
"entertainment","84","Zigbang","1539050752983356","96073","+1712"
"entertainment","85","북이십일","324380770908809","95971","+3046"
"entertainment","86","Hearthstone","498467596862680","95236","+546"
"entertainment","87","YAP","282349775233867","93695","-151"
"entertainment","88","Boo","132180523866","90367","-312"
"entertainment","89","냥코대전쟁","548959831882758","89350","+3"
"entertainment","90","Patrick Star","50403195950","89214","-401"
"entertainment","91","World of Warcraft","138011799033","88614","-2"
"entertainment","92","워크래프트","190096561034386","88512","+36"
"entertainment","93","Friend Matrix","340411242653703","87794","-2664"
"entertainment","94","다시, 다이어트 시작","596610990420083","86639","-156"
"entertainment","95","Woollim Entertainment (울림엔터테인먼트)","179245902135234","84650","-276"
"entertainment","96","BEAUTYMEETS","364844296932836","83862","+2048"
"entertainment","97","세미콜론","122552121094066","81703","-15"
"entertainment","98","투유프로젝트 슈가맨","564115987070749","81566","-97"
"entertainment","99","블레스(Bless)","258195107635883","80267","+287"
"entertainment","100","Walt Disney Studios","111382562236411","79515","-249"
"media","1","Facebook","20531316728","4229488","-4331"
"media","2","Facebook","320511193884","4222638","-3605"
"media","3","인사이트","374726359324617","1487685","+10181"
"media","4","Wikitree","118955304823840","1232559","+7925"
"media","5","dispatch news","130891016978600","1145647","+4278"
"media","6","Mnet(엠넷)","258440074170975","675968","-517"
"media","7","National Geographic Channel","392026864250166","607089","-864"
"media","8","National Geographic Channel","205249152839914","607049","-654"
"media","9","MBC","128219733877749","573026","+2158"
"media","10","SBS 뉴스","181676841847841","528916","+2198"
"media","11","tvN(티비엔)","169800533167184","526161","-812"
"media","12","JTBC","124691830975231","489909","+1501"
"media","13","Vogue Korea","243736508983720","477235","-639"
"media","14","디즈니 코리아 Disney Korea","362959373723079","450425","-916"
"media","15","허핑턴포스트코리아","296869857127346","446520","+1790"
"media","16","YTN","237776059583039","385523","+3807"
"media","17","조선일보","376570488117","372907","+1036"
"media","18","KBS","212102055468664","344454","+229"
"media","19","JTBC 뉴스","240263402699918","321954","+5142"
"media","20","SisaIN","154189147958193","299680","+1171"
"media","21","경향신문","161649467207997","280545","+1277"
"media","22","민중의소리","109848225769421","270076","+2057"
"media","23","Marvel","6883542487","266945","+797"
"media","24","Dingo Style","786577961454543","262003","+2858"
"media","25","한겨레","113685238657736","257842","+1715"
"media","26","엘르코리아 ELLE Korea","122901681117106","250383","+93"
"media","27","W Korea","185824174781771","226461","-87"
"media","28","스포츠구루","1479037682384558","186845","+1044"
"media","29","Instagram","367152833370567","183346","+333"
"media","30","아이돌 이슈 - New","1708435319370835","173757","+2516"
"media","31","Nylon Korea","129757223757849","167441","-465"
"media","32","얼루어 - Allure Korea","354793224573070","165582","+2022"
"media","33","Singles Korea 싱글즈","124681631057751","158274","-438"
"media","34","SK브로드밴드","126423627433466","156584","+120"
"media","35","CeCi Korea 쎄씨","114510948636767","148336","+660"
"media","36","Marie Claire Korea","103321746438909","144978","+1463"
"media","37","SBS","167387976606223","143669","+1882"
"media","38","Badoo","111798952177249","142981","-67"
"media","39","더팩트","296883170472681","142400","+892"
"media","40","코스모폴리탄 Cosmopolitan Korea","114894385246967","141011","+579"
"media","41","한국일보","157370204315766","139831","+2065"
"media","42","중앙일보 (joongangilbo)","155192444524300","135735","+4710"
"media","43","GQ Korea","223565704354826","134578","+1360"
"media","44","SPOTV 스포티비","153867501326631","133175","+1840"
"media","45","SBS MTV","287485034630672","128472","-371"
"media","46","Looktique.com","131981953575355","120061","+6"
"media","47","Grazia Korea 그라치아","304067296379780","115658","-276"
"media","48","ShareHows","278206678919559","108499","+446"
"media","49","FOX","323607604501859","103798","+1670"
"media","50","FOX","257959490887855","103777","+1724"
"media","51","긱 매거진(geek)","217008625076196","102845","-150"
"media","52","앵그리버드","380018138866755","100712","-167"
"media","53","뷰티쁠(BEAUTY+)","193943807319561","100500","-182"
"media","54","CNN","5550296508","100228","+443"
"media","55","KBS 뉴스","121798157879172","98726","+1123"
"media","56","PPSS","498256206864340","91313","+575"
"media","57","InStyle Korea","729701003720841","82844","+2378"
"media","58","SK B tv","522263494491723","79203","+268"
"media","59","KBS World","171137272905826","74933","-251"
"media","60","Twitter","278029242253904","63557","-158"
"media","61","서울신문","264054780362220","63089","+958"
"media","62","Facebook Business","74100576336","60191","-29"
"media","63","SBS PopAsia","100246430019521","57928","-418"
"media","64","TIME","10606591490","57788","+31"
"media","65","SBS Sports","212803772079678","56081","+504"
"media","66","이투데이","122247091150202","54057","-52"
"media","67","자유광장","173726719391460","53243","+842"
"media","68","TV조선 STAR","124173467692717","52775","-25"
"media","69","Vogue","42933792278","52636","+2"
"media","70","The New York Times","5281959998","51364","+327"
"media","71","Billboard","75791669580","51227","+522"
"media","72","ELLE","20000417943","48372","-108"
"media","73","The Economist","6013004059","45064","-55"
"media","74","YAN News","154180304652867","41718","+205"
"media","75","Bloter.net","150348298315385","41600","+102"
"media","76","여행음식채널 FOXlife","233935243288663","40932","+1078"
"media","77","Vogue Paris","156145164544276","40839","-47"
"media","78","Facebook Site Governance","69178204322","39767","-33"
"media","79","CBS Joy","188508647910459","38678","+188"
"media","80","OCN","185760548139059","37550","-33"
"media","81","ABS-CBN","196309417055528","36944","+19"
"media","82","Arirang World","110158949037523","36815","-123"
"media","83","KNN","186389391379479","35728","+1409"
"media","84","The Huffington Post","18468761129","34328","+16"
"media","85","Hội những người thích đọc tin tức 24h","314103605281408","34239","+99"
"media","86","Men's Health","56916320206","34050","+84"
"media","87","ABS-CBN News","27254475167","34006","+137"
"media","88","NBA TV","304301822935731","33671","+114"
"media","89","VOA Khmer","154829473799","33269","+190"
"media","90","OGN(오지엔)","143934312369876","32299","+104"
"media","91","NYLON","60772646764","31709","-100"
"media","92","제주특별자치도","162158100561438","30918","+533"
"media","93","The Wall Street Journal","8304333127","30640","-17"
"media","94","7Day News Journal","103865773008399","30621","+313"
"media","95","GQ","7962048097","28508","+31"
"media","96","RFA Khmer","129596550417880","28105","+290"
"media","97","Eleven Media Group","114803668557265","28099","+268"
"media","98","BuzzFeed Video","1318800798260799","27955","-110"
"media","99","CGNTV Korea","118865098197471","27824","+160"
"media","100","하이낸스(hinance)","481739831839369","27618","+16"
"place","1","Everland","182698125088068","2140499","+5292"
"place","2","롯데월드 (lotteworld)","233375496676925","2100581","+8288"
"place","3","대한민국 구석구석","159458164117654","357967","-243"
"place","4","한국민속촌","167774750005655","334658","-5"
"place","5","롯데월드몰","258686514330051","284794","+3113"
"place","6","현대백화점","197622746949537","189131","+6507"
"place","7","국립공원 (Korea National Park)","122753501136733","178545","+1027"
"place","8","롯데몰","312128638989504","164551","+1634"
"place","9","롯데월드타워·롯데월드몰 - 제2롯데월드","145943778806799","164409","+4428"
"place","10","롯데워터파크","266141423588588","151267","-320"
"place","11","Go USA","340240805992204","149934","+3448"
"place","12","Visit The USA","58339527980","149878","+3294"
"place","13","국립현대미술관","304674142901626","146213","+146"
"place","14","전라북도","289963701016309","137879","+698"
"place","15","Switzerland | Schweiz | Suisse | Svizzera","118814305853","128078","+203"
"place","16","스위스. get natural.","181587901876715","128069","+242"
"place","17","대림미술관ㅣ디뮤지엄","209383239073458","123792","+19"
"place","18","KT&G Sangsangmadang","150269731660919","122486","+55"
"place","19","Hanwha Resorts","133993916671530","114509","-185"
"place","20","대구광역시","193059677395237","107501","+151"
"place","21","Seoul Korea","116376851713894","92361","-492"
"place","22","넥슨컴퓨터박물관 (NexonComputerMuseum)","195934950553616","88275","+142"
"place","23","Join J route","224411697619714","77518","+398"
"place","24","Daejeon Metropolitan City","441118722643242","77377","-69"
"place","25","Seoul, South Korea by Kimchicrew.com","336245245133","71599","-311"
"place","26","Incheon International Airport","352598114842688","67000","-28"
"place","27","Rendez-vous en France","77137205042","65836","-148"
"place","28","Rendez-vous en France (프랑스 관광청)","191644380860299","65835","-93"
"place","29","맥아더글렌 디자이너 아웃렛","131606263703669","63319","+54"
"place","30","부천시(Fantacity)","221696341177839","56906","+388"
"place","31","충남도청","104246899669001","56574","+252"
"place","32","63컬쳐 (63Culture)","151147154952181","52667","+60"
"place","33","롯데월드 아쿠아리움","956902194325602","50479","+331"
"place","34","대구관광","278138968932449","49960","+311"
"place","35","경기도청","182095041848143","47743","-38"
"place","36","South Korea","9633523809","45625","-303"
"place","37","울산누리","163206457072110","45119","-5"
"place","38","인천광역시 온통인천","112947458754176","43314","+573"
"place","39","Korean","38121977364","42528","-191"
"place","40","Jeju Aerospace Museum","1411846675731842","42154","+4520"
"place","41","강원도청","101543696593638","40268","+337"
"place","42","Sejong","439448156126273","39955","+118"
"place","43","하남돼지집","491851237571965","39186","+163"
"place","44","N SEOUL TOWER","364013620328125","38597","+587"
"place","45","아라리오뮤지엄 Arario Museum","253291721527014","38349","+328"
"place","46","Onemount 원마운트","221234411268690","33892","-52"
"place","47","香港海洋公園 Ocean Park Hong Kong","75415661389","33494","-96"
"place","48","홍콩 오션파크 Ocean Park Hong Kong","694665767316467","33470","-80"
"place","49","포항시청","207604529266920","33304","-11"
"place","50","National Theater of Korea","149143958531637","29250","-12"
"place","51","호러킹덤","293499510808763","28383","-63"
"place","52","馬爾地夫與全球夢幻海島度假旅遊","173195254290","27351","-48"
"place","53","enter6","207576085942226","26003","-31"
"place","54","두산아트센터 Doosan Art Center","411084535573394","25679","+10"
"place","55","경상남도","123423807725702","25344","+581"
"place","56","Visit Czech Republic","112586695430577","24779","-56"
"place","57","체코관광청 – Visit Czech Republic","165578226974417","24764","-52"
"place","58","CGV Cinemas","124347587593232","24054","-52"
"place","59","박물관은 살아있다","353176034786087","22706","-39"
"place","60","Sejong Center","160911067277049","22468","-18"
"place","61","충청북도","721524811198306","21431","+40"
"place","62","Devil's Door - 데블스도어","301017596772174","20396","-10"
"place","63","Visit Peru","157673064274811","20173","+41"
"place","64","MoMA The Museum of Modern Art","24547752280","19498","+11"
"place","65","독립기념관 (The Independence Hall of Korea)","169851326403253","18207","+48"
"place","66","I_Love_SAC(예술의전당)","214847371870660","17851","+146"
"place","67","VisitSeoul","156201077730004","17474","-28"
"place","68","Hawaii – gohawaii.com","57340819942","17382","-17"
"place","69","서울대공원","305352642824799","16408","+1"
"place","70","홍대정복하기","445134578919774","15720","-40"
"place","71","COEX Aquarium","314286935300506","14748","+17"
"place","72","Platoon Seoul","124760494256240","14739","-31"
"place","73","바노바기성형외과","201101589994564","14510","+41"
"place","74","YourSingapore","35780255703","14420","+28"
"place","75","YourSingapore","116197585123453","14392","+44"
"place","76","강북삼성병원","235979596489386","13874","+81"
"place","77","Kyoto Fan","122744754488271","13184","-38"
"place","78","Saatchi Gallery","179531498744407","12762","-7"
"place","79","Okinawa CLIP","167736476742174","12659","+95"
"place","80","아이파크몰","245642822125405","12632","+49"
"place","81","올림픽공원 JOY Olpark","505641046118646","12046","-17"
"place","82","괌 관광청 한국사무소","271665152930634","11026","+1"
"place","83","피에프창 P.F. Chang’s","311532105719919","10746","+206"
"place","84","Tate","20134383992","10569","-36"
"place","85","Australian Working Holiday","129900059834","10328","-9"
"place","86","Korea Travel -  OnedayKorea","159124404134725","9797","-30"
"place","87","The Metropolitan Museum of Art, New York","6296252634","9621","-15"
"place","88","서울성모병원 Seoul St. Mary's Hospital","313316035490233","8971","+15"
"place","89","오사카 박살내기","1618791785057278","8947","+120"
"place","90","Travel Alberta","16998528941","8915","-11"
"place","91","Visit California","164977296972","8864","+4"
"place","92","Unseen Tour Thailand","177913598887727","8740","+15"
"place","93","아이리움안과","235525766548095","8723","+339"
"place","94","Van Gogh Museum","127104175596","8675","+18"
"place","95","Trick Art 3D Black Art","1431881473742521","8631","+5"
"place","96","Visit Linyi - Shandong, China","473785596136014","8308","-10"
"place","97","기적의 어린이재활병원","678256455520123","8135","-7"
"place","98","Amsterdam Airport Schiphol","171419976226312","8011","-8"
"place","99","Area 51","31627044554","7478","+9"
"place","100","Friendly Shandong Korea","349094381863502","7130","-16"
"society","1","유니세프 WeAction","373552362694744","466774","-1022"
"society","2","대한민국 청와대","164375563576415","442306","-275"
"society","3","대학내일","299882186741057","419075","+259"
"society","4","문재인","181808448592182","383616","+616"
"society","5","경찰청(폴인러브)","190821274275670","340745","+541"
"society","6","부산경찰","350185361716559","324651","-377"
"society","7","박원순","145373502179242","315433","+1168"
"society","8","박근혜 Park Geun-Hye","234083653390399","285005","+262"
"society","9","대한민국 국방부","173612592693716","263883","+2206"
"society","10","영단기","247204508755062","250107","-104"
"society","11","대한민국 육군 (Republic of Korea Army)","412181148807425","248693","+236"
"society","12","Barack Obama","6815841748","217588","-26"
"society","13","굿네이버스","115727888455809","194198","-99"
"society","14","대한민국 국무조정실·국무총리비서실","184448914914155","188948","-149"
"society","15","서울시 (Seoul)","154343061286214","185065","-148"
"society","16","폴리씨","139213969484687","174539","-65"
"society","17","Wall Street English","275083962575827","158114","+8"
"society","18","Wall Street English","194968784197","158092","+33"
"society","19","이명박 (Lee Myung-bak)","138672579610982","151676","-229"
"society","20","Open College","178034588993846","149763","+5"
"society","21","부산광역시 공식 페이스북","137969912931392","140091","+143"
"society","22","Save the Children Korea","187419881284097","138808","-202"
"society","23","끝없는 발견, 캐나다에 오신 것을 환영합니다.","159233437474368","135346","-80"
"society","24","심상정","196172860421072","134998","+871"
"society","25","월드비전 World Vision Korea","185899198097509","129655","-276"
"society","26","대한민국 공군(Republic Of Korea Air Force)","194177990594916","129625","+419"
"society","27","고양시청","155722084494259","125181","+268"
"society","28","Greenpeace 그린피스 서울사무소","103747553053480","124578","+9"
"society","29","TED","29092950651","123771","-104"
"society","30","보건복지부 금연캠페인","109287049163779","120443","+218"
"society","31","대한민국 교육부","146753658719968","110642","-147"
"society","32","대한민국 고용노동부","141186939278716","109453","+964"
"society","33","대한민국 외교부","114737585253641","105039","+771"
"society","34","Ministry of Health and Welfare, Republic of Korea","160757343979418","103740","+1567"
"society","35","케어-care","165305830149947","102365","-140"
"society","36","대한민국 문화체육관광부","127370983980651","101416","-18"
"society","37","대한민국 정부포털","220638891327386","101378","-116"
"society","38","국경없는의사회 / Médecins Sans Frontières, MSF","234887119884423","98265","+43"
"society","39","대한민국 환경부","175519589167240","95778","-31"
"society","40","SK SUNNY","211711115515237","92217","+112"
"society","41","대한민국 기상청 Korea Meteorological Administration","196408770381235","88603","+119"
"society","42","대한민국 병무청","100187910073139","81365","+864"
"society","43","안철수","228389347303103","79822","+11"
"society","44","대한민국 법무부(Ministry of Justice)","174922762523933","78835","+174"
"society","45","대한민국 국토교통부","192718054099656","78206","+1529"
"society","46","대학생활의 꽃, 대외활동","330148073744552","75385","-249"
"society","47","대한민국 통일부","124201000954990","74875","-58"
"society","48","이재명(성남시장)의 페이지","164179696957459","68515","+963"
"society","49","대한민국 기획재정부","100685586683445","60808","-75"
"society","50","유니세프 한국위원회","112217008825818","57284","-86"
"society","51","CJ도너스캠프","163779860345334","54220","+2107"
"society","52","더불어민주당","163693313660505","52685","+293"
"society","53","대한민국 식품의약품안전처","159546684111437","50291","+280"
"society","54","UNICEF","68793499001","49376","-102"
"society","55","함께해요 조직기증","163483563759952","46052","-83"
"society","56","대한민국 산업통상자원부 '경제다반사'","187443811272807","44039","+8"
"society","57","수호천사 동양생명","405274042880397","43967","-73"
"society","58","American Meat Story","156427217865012","43687","+138"
"society","59","한양대학교 Hanyang University","134947473206752","42662","+53"
"society","60","기아대책 (Hunger Saver)","128377107183483","41364","-58"
"society","61","Korea Tourism Organization - VisitKorea","340785907491","40167","-24"
"society","62","대한민국 특허청","208143579200963","39266","+33"
"society","63","Pusan National University","235655136559763","39137","-3"
"society","64","초록우산 어린이재단","103207006424671","38637","+96"
"society","65","EF 코리아- 어학연수/유학","170613326748","38548","+27"
"society","66","(RED)","6829493713","38010","-96"
"society","67","Korea Clickers","181274814520","36973","-179"
"society","68","정의당","512722405481009","36326","+131"
"society","69","KT&G 상상univ","118534171560559","35771","+84"
"society","70","대한민국 금융위원회","137075373000152","33693","-18"
"society","71","드림메이커 인터내셔널","580822401977911","32890","+41"
"society","72","친근혜(박근혜)","329004577131625","32515","-17"
"society","73","Sam Rainsy","520708567985881","32488","+167"
"society","74","Kyung Hee University, Korea","23947369129","32439","-44"
"society","75","현대차 정몽구 재단","570593959751897","30804","-50"
"society","76","Yingluck Shinawatra","105044319540032","29995","+28"
"society","77","서울시교육청","117066191696913","29934","+296"
"society","78","Seoul National University","167873311519","29869","-73"
"society","79","Happymove","153291871375070","28069","-79"
"society","80","The White House","63811549237","27868","+30"
"society","81","휴넷 - 행복한 성공 파트너","151730148177212","27518","+84"
"society","82","컴패션 코리아","121213341234498","27511","-24"
"society","83","WWF Korea","278435428971716","27495","+396"
"society","84","영진전문대학 (Yeungjin College)","199525303410494","25971","+159"
"society","85","영국문화원 British Council Korea","142497695814783","25541","+105"
"society","86","대한민국 통계청","190557490965001","25119","+28"
"society","87","단국대학교(Dankook University)","105774566156796","24455","-24"
"society","88","유폰 (Uphone)","144203792345101","23625","+74"
"society","89","새누리당","295775117138819","23430","+404"
"society","90","Chengdu Pambassador","380236205364733","22870","-47"
"society","91","Samdech Hun Sen, Cambodian Prime Minister","111975152184324","22263","+118"
"society","92","Talk To Me In Korean","436808480033","22188","-92"
"society","93","한국콘텐츠아카데미","203190289832714","21720","-14"
"society","94","Anointing Ministries","171067229620847","21315","+190"
"society","95","매일유업(maeil)","151800934856724","21182","-11"
"society","96","옥스팜","158215194388460","20995","+73"
"society","97","질병관리본부 결핵zero","116263451788412","20300","+147"
"society","98","서울종합예술실용학교","170472386326978","19605","+54"
"society","99","Harvard University","105930651606","19378","-66"
"society","100","LG Arts Center","158171060864017","19377","-15"
"sport","1","대한민국 축구 국가대표팀","284788688835","397289","+512"
"sport","2","Manchester United","7724542745","376385","+106"
"sport","3","Chelsea Football Club","86037497258","216997","-315"
"sport","4","Premier League","220832481274508","205746","+787"
"sport","5","NBA","8245623462","193692","-282"
"sport","6","Liverpool FC","67920382572","178265","+10"
"sport","7","Liverpool FC","1469631273281146","178085","+97"
"sport","8","한화이글스","131834376870243","158955","+143"
"sport","9","MLB Korea","478840315466631","127404","+1138"
"sport","10","UFC","46299886275","123256","+299"
"sport","11","UFC","176272595900226","123187","+345"
"sport","12","Tottenham Hotspur","351687753504","123139","+4286"
"sport","13","NC 다이노스","241899065820824","114811","+37"
"sport","14","Manchester City","208411345454","111772","+349"
"sport","15","MLB","5768707450","109881","+413"
"sport","16","KFA","216596611743281","94893","+1392"
"sport","17","두산베어스","357039134348945","85010","+423"
"sport","18","CJ ENTUS","305873512843909","83703","-173"
"sport","19","대한체육회 Korean Olympic Committee(KOC)","218990668210079","70640","-20"
"sport","20","롯데자이언츠 (LOTTE Giants)","1411223892468382","66105","+274"
"sport","21","FC서울 (FC Seoul)","147491315305304","65512","+33"
"sport","22","SK 와이번스 (SK Wyverns)","173355746046656","57882","+22"
"sport","23","Olympic","209361989215","57581","+130"
"sport","24","수원삼성블루윙즈 (Suwon Samsung F.C.)","139741056091732","56051","+42"
"sport","25","K LEAGUE","132108303498321","54105","+23"
"sport","26","고양 원더스 (Goyang Wonders)","308138852529767","47902","-101"
"sport","27","LOL Esports","108310886008444","41018","+77"
"sport","28","Miami Heat","284300559123","40959","-147"
"sport","29","전북현대모터스 - Jeonbuk Hyundai Motors FC","317156245052923","39598","+1243"
"sport","30","Los Angeles Dodgers","45084588507","38599","-108"
"sport","31","Seoul E-Land FC","455125081286520","37604","-70"
"sport","32","Golden State Warriors","47657117525","36582","+15"
"sport","33","Nexen Heroes","122332904451904","33446","-16"
"sport","34","PyeongChang 2018","142411918418","32853","+116"
"sport","35","Ulsan Hyundai Football Club","138165603009520","30664","+175"
"sport","36","MLS KOREA","1588677881382073","26368","+155"
"sport","37","International Taekwon-Do Federation","302846333123264","25422","-58"
"sport","38","Spartan Race","251061411860","24826","-63"
"sport","39","Spartan Race","152142841645501","24775","-30"
"sport","40","Cleveland Cavaliers","69048043277","22841","+37"
"sport","41","Swansea City Football Club","87328379939","22425","-15"
"sport","42","San Antonio Spurs","25781101980","19629","-42"
"sport","43","Bayer 04 Leverkusen","1022993677794946","19463","-100"
"sport","44","Boston Celtics","8725012666","19097","-60"
"sport","45","인천유나이티드 FC - Incheon United FC","132305653506680","18695","+8"
"sport","46","L.A. Clippers","40605971876","16927","-56"
"sport","47","New York Knicks","21410634615","16838","-27"
"sport","48","Oklahoma City Thunder","159957123994","16241","-30"
"sport","49","R16 KOREA","110663028970900","16190","-45"
"sport","50","New York Yankees","39523792780","15389","-1"
"sport","51","Pittsburgh Pirates","34024907930","14625","+19"
"sport","52","ONE Championship","173291132694150","14549","+102"
"sport","53","NFL","68680511262","14509","+70"
"sport","54","성남FC","265287846969730","13787","+35"
"sport","55","Houston Rockets","17729777319","12974","-26"
"sport","56","Boston Red Sox","39399781765","12910","-2"
"sport","57","PGA TOUR","10643196329","12830","+80"
"sport","58","ICC - International Cricket Council","146078378744600","12402","+34"
"sport","59","FC Porto","82713049484","12117","-113"
"sport","60","Texas Rangers","92931665383","11889","-17"
"sport","61","Musclemania","137054429658332","11459","+27"
"sport","62","Dallas Mavericks","16555485460","11126","-24"
"sport","63","Sri Lanka Cricket","142325002465382","10827","+48"
"sport","64","Jeonnam Dragons Football Club","167306269972248","10817","+79"
"sport","65","LPGA","43279105683","10776","+37"
"sport","66","2014 Incheon Asian Games","113496052043077","10400","-17"
"sport","67","AFC Asian Cup","137908216256925","10328","-29"
"sport","68","IJF - International Judo Federation","172736468535","10318","+10"
"sport","69","The CrossFit Games","156147724427094","10242","+2"
"sport","70","Team Sky","194104484872","10197","+30"
"sport","71","FIBA","131093616270","10072","-13"
"sport","72","Le Tour de France","103512969698091","9962","+28"
"sport","73","PERSIB Bandung","21164211233","9487","+5"
"sport","74","Pohang Steelers","317401195007985","9283","+77"
"sport","75","QPR FC","159610617403169","8924","-38"
"sport","76","Indiana Pacers","43267052995","7941","-40"
"sport","77","AFC Champions League","152840578119175","7822","+55"
"sport","78","Major League Soccer (MLS)","9733218886","7770","-12"
"sport","79","World Taekwondo Federation","176930062372045","7752","+7"
"sport","80","Brooklyn Nets","26426125254","7734","-6"
"sport","81","제주유나이티드FC","164699266893642","7615","+82"
"sport","82","Baltimore Orioles","16329389989","7489","+142"
"sport","83","Chelsea Ladies Football Club","237116003099384","7437","+29"
"sport","84","수원FC - Suwon FC","233112990096044","7355","+5"
"sport","85","San Francisco Giants","43225541827","7328","-15"
"sport","86","BUSANIPARKFC","296814780336744","6819","+3"
"sport","87","New York City FC","159424124231052","6800","-5"
"sport","88","대전시티즌(DCFC)","289166781096939","6800","+32"
"sport","89","PBA","168046639878446","6744","+67"
"sport","90","HarimauMalaya","174072662073","6723","-22"
"sport","91","Crystal Palace Football Club","168089120761","6518","+7"
"sport","92","Minnesota Twins","45991614840","6510","-14"
"sport","93","NHL","61652252465","6414","-43"
"sport","94","대구FC - DAEGU FC","121973201227868","6273","0"
"sport","95","강원FC (Gangwon Football Club)","164047610377530","6196","+29"
"sport","96","Sacramento Kings","96222644025","6143","+13"
"sport","97","Trek-Segafredo","127009645933","6055","+9"
"sport","98","FC안양-FCAnyang","103120259864069","5993","+5"
"sport","99","Tinkoff","121540094614638","5919","+5"
"sport","100","부천FC1995","165963413451462","5813","+43"
